Nama Lengkap,Nama Panggilan,Email,NISN
Abdurrahman Ar Ribery,Arman,arman@ruang-kuis.id,3153742941
Abyan Nandana Khalif,Abyan,abyan@ruang-kuis.id,3162659714
Adskhan Ibran Elfatih,Ibran,ibran@ruang-kuis.id,3150563992
Afiya Nur Ataya Sandi,Afiya,afiya@ruang-kuis.id,3159409800
Aisyah Afqohunnisa,Aisyah,aisyah@ruang-kuis.id,3156365089
Akhdan Ziyad,Akhdan,akhdan@ruang-kuis.id,3150790933
Alam Rayyan Fiyanto,Alam,alam@ruang-kuis.id,3161535657
Arsyila Almahyira Azgefa,Cila,cila@ruang-kuis.id,0169932726
Athifa Nur Pelangi,Pelangi,pelangi@ruang-kuis.id,3169474236
Fairel Atharizz Calief,Fairel,fairel@ruang-kuis.id,3153495240
Fatih Pratama Basuki,Fatih,fatih@ruang-kuis.id,3155825302
Flora Baby Queen,Flora,flora@ruang-kuis.id,3159944404
Gilang Aditya Ramadhan,Gilang,gilang@ruang-kuis.id,3155235740
Ilham Ibrahim,Ilham,ilham@ruang-kuis.id,3169421033
Inara Huwaida Ardhani,Inara,inara@ruang-kuis.id,0137469444
Kinara Adisti Salsabila,Kinara,kinara@ruang-kuis.id,3155739832
Kirana Hafizah Iqra Nasution,Kirana,kirana@ruang-kuis.id,3164599601
Latifa Rafanda,Latifa,latifa@ruang-kuis.id,3152422747
Meshya Belliza Utama,Meshya,meshya@ruang-kuis.id,3152848251
Muhammad Ali Alfarizi,Ali,ali@ruang-kuis.id,3151303538
Nayla Latifa,Nayla,nayla@ruang-kuis.id,3158326656
Quenzino Satria Hadika,Qenzi,qenzi@ruang-kuis.id,3155846202
Reynand Pratama,Reynand,reynand@ruang-kuis.id,3152660139
Shakila Qiyana Shadiqah,Shakila,shakila@ruang-kuis.id,3156646475
Shanum Meyra Rosadi,Shanum,shanum@ruang-kuis.id,3158512331
