Nama Lengkap;Nama Panggilan;Email;NISN;Email Orang Tua
Abdurrahman Ar Ribery;Arman;arman@ruang-kuis.id;222301003;
Abyan Nandana Khalif;Abyan;abyan@ruang-kuis.id;222301004;
Adskhan Ibran Elfatih;Ibran;ibran@ruang-kuis.id;222301006;
Afiya Nur Ataya Sandi;Afiya;afiya@ruang-kuis.id;222301008;
Aisyah Afqohunnisa;Aisyah;aisyah@ruang-kuis.id;252604067;
Akhdan Ziyad;Akhdan;akhdan@ruang-kuis.id;222301010;
Alam Rayyan Fiyanto;Alam;alam@ruang-kuis.id;222301011;
Arsyila Almahyira Azgefa;Cila;cila@ruang-kuis.id;222301015;
Athifa Nur Pelangi;Pelangi;pelangi@ruang-kuis.id;222301016;
Fairel Atharizz Calief;Fairel;fairel@ruang-kuis.id;222301027;
Fatih Pratama Basuki;Fatih;fatih@ruang-kuis.id;222301028;
Flora Baby Queen;Flora;flora@ruang-kuis.id;222301029;
Gilang Aditya Ramadhan;Gilang;gilang@ruang-kuis.id;222301031;
Ilham Ibrahim;Ilham;ilham@ruang-kuis.id;222301038;
Inara Huwaida Ardhani;Inara;inara@ruang-kuis.id;222301039;
Kinara Adisti Salsabila;Kinara;kinara@ruang-kuis.id;222301045;
Kirana Hafizah Iqra Nasution;Kirana;kirana@ruang-kuis.id;222301047;
Latifa Rafanda;Latifa;latifa@ruang-kuis.id;222301048;
Meshya Belliza Utama;Meshya;meshya@ruang-kuis.id;222301050;
Muhammad Ali Alfarizi;Ali;ali@ruang-kuis.id;242503085;
Nayla Latifa;Nayla;nayla@ruang-kuis.id;222301059;
Quenzino Satria Hadika;Qenzi;qenzi@ruang-kuis.id;222301064;
Reynand Pratama;Reynand;reynand@ruang-kuis.id;222301067;
Shakila Qiyana Shadiqah;Shakila;shakila@ruang-kuis.id;222301071;
Shanum Meyra Rosadi;Shanum;shanum@ruang-kuis.id;222301072;
